Id;Raison sociale;Département;Activité;Ville
1175;Topfit;06-Alpes Maritimes;Clubs de forme;Antibes juan les pins
1196;Antibes Squash et Fitness Club;06-Alpes Maritimes;Clubs de forme;Antibes juan les pins
1205;LADY FITNESS ANTIBES;06-Alpes Maritimes;Clubs de forme;Antibes juan les pins
1203;FITLANE;06-Alpes Maritimes;Clubs de forme;Mandelieu la napoule
1197;APHYSIA;06-Alpes Maritimes;Clubs de forme;Nice
1202;ESPACE WELLNESS;06-Alpes Maritimes;Clubs de forme;Nice
1206;LEADER FITNESS CLUB;06-Alpes Maritimes;Clubs de forme;Nice
1204;FIT'N GYM;06-Alpes Maritimes;Clubs de forme;Villeneuve loubet
1207;PRODIGE;06-Alpes Maritimes;Clubs de forme;Villeneuve loubet
1178;LOUXOR THALASPA ***;06-Alpes Maritimes;Hôtel;Cannes
5499;Hôtel Cézanne;06-Alpes Maritimes;Hôtel;Cannes
5503;Croisette Beach Hotel;06-Alpes Maritimes;Hôtel;Cannes
5504;Eden Hotel;06-Alpes Maritimes;Hôtel;Cannes
5506;Hôtel Gray d'Albion;06-Alpes Maritimes;Hôtel;Cannes
951;Hôtel Apogia ***;06-Alpes Maritimes;Hôtel;Nice
5500;CRISTAL;06-Alpes Maritimes;Hôtel/Restaurant;Cannes
1017;Hotel Majestic ****;06-Alpes Maritimes;Hôtel/Restaurant;Cannes
1021;Hôtel Martinez;06-Alpes Maritimes;Hôtel/Restaurant;Cannes
1061;NOVOTEL;06-Alpes Maritimes;Hôtel/Restaurant;Cannes
1060;Moulin de Mougins ****;06-Alpes Maritimes;Hôtel/Restaurant;Mougins
1020;Hôtel Masséna ****;06-Alpes Maritimes;Hôtel/Restaurant;Nice
1177;LE MAS D'ARTIGNY ****;06-Alpes Maritimes;Hôtel/Restaurant;Saint paul
6697;Terres de Truffes;06-Alpes Maritimes;Id2Boutiques;Nice
990;MARINELAND COTE D'AZUR;06-Alpes Maritimes;parc d'attraction;Antibes
988;LASER QUEST;06-Alpes Maritimes;parc d'attraction;Cannes la bocca
996;Tropical Mini-Golf De Robinson;06-Alpes Maritimes;parc d'attraction;Mandelieu la napoule
995;Grottes de Saint Cézaire;06-Alpes Maritimes;parc d'attraction;Saint cezaire sur siagne
997;La Ferme Pédagogique;06-Alpes Maritimes;parc d'attraction;Vence
993;Canyon Forest;06-Alpes Maritimes;parc d'attraction;Villeneuve loubet
998;Labyrinthe;06-Alpes Maritimes;parc d'attraction;Villeneuve loubet
7571;RESTAURANT DE L'IRLANDAIS;06-Alpes Maritimes;Restaurant;Valberg
7572;Auberge de la Source;06-Alpes Maritimes;Restaurant;Valbonne
7573;LA TABLE DE PIMPRENELLE;06-Alpes Maritimes;Restaurant;Valbonne
7574;Le Restaurant d'Adèle;06-Alpes Maritimes;Restaurant;Valbonne
7576;AUBERGE PROVENCALE;06-Alpes Maritimes;Restaurant;Valbonne
7577;L'ELYSEE CARNOT;06-Alpes Maritimes;Restaurant;Valbonne
7578;LA FONTAINE AUX VINS;06-Alpes Maritimes;Restaurant;Valbonne
7579;LE BOIS DORE;06-Alpes Maritimes;Restaurant;Valbonne
7580;Le Central Park;06-Alpes Maritimes;Restaurant;Valbonne
7581;LE COIN DE LA RUE;06-Alpes Maritimes;Restaurant;Valbonne
7582;LE COMPTOIR DU SUD;06-Alpes Maritimes;Restaurant;Valbonne
7583;LES TROIS BONHEURS;06-Alpes Maritimes;Restaurant;Valbonne
7584;RESTAURANT DU MOULIN DES MOINES;06-Alpes Maritimes;Restaurant;Valbonne
7585;LE CADRAN SOLAIRE;06-Alpes Maritimes;Restaurant;Valbonne
7586;LE MONTPARNASSE;06-Alpes Maritimes;Restaurant;Valbonne
1182;HAMMAM EL BARRAKA;06-Alpes Maritimes;Saunas / Hammams;Cannes
1176;Le Centre Croisette;06-Alpes Maritimes;Saunas / Hammams;Cannes
1179;NYMPHEA SPA;06-Alpes Maritimes;Saunas / Hammams;Nice
1183;LES BAINS DOUCHES;06-Alpes Maritimes;Saunas / Hammams;Nice
1184;SAUNA CHEZ CHRISTIANE;06-Alpes Maritimes;Saunas / Hammams;Nice
1185;SAUNA DU CHATEAU;06-Alpes Maritimes;Saunas / Hammams;Nice
1186;SAUNA LE 7;06-Alpes Maritimes;Saunas / Hammams;Nice
1187;AZUR SAUNA CLUB;06-Alpes Maritimes;Saunas / Hammams;Nice
1188;HAMMAM EDEN;06-Alpes Maritimes;Saunas / Hammams;Nice
836;SunnyDream;06-Alpes Maritimes;Vacances;Cannes
1015;Vacanciel L'Orangeraie;06-Alpes Maritimes;Vacances;Menton
1299;CAFE DES ARTS;07-Ardèche;Bar/Café;Berrias et casteljau
1308;AU BISTROT DE LA GARE;07-Ardèche;Bar/Café;Boucieu le roi
1340;AUBERGE DU DOUX;07-Ardèche;Camping/Location;Colombier le vieux
1329;Domaine Les Ranchisses;07-Ardèche;Camping/Location;Largentiere
649;CASINO DE VALS LES BAINS;07-Ardèche;Casinos;Vals les bains
1325;AUBERGE DU DOLMEN;07-Ardèche;Chambres/Tables d'Hôtes;Chandolas
680;KINTHEA;07-Ardèche;Clubs de forme;Aubenas
678;ALFAGYM;07-Ardèche;Clubs de forme;Privas
679;BODY FORM;07-Ardèche;Clubs de forme;Roiffieux
681;FITNESS' CLUB;07-Ardèche;Clubs de forme;Saint peray
633;LA LERMUZE;07-Ardèche;Discotheque;Antraigues sur volane
632;La GUINGUETTE-SUN 07;07-Ardèche;Discotheque;Aubenas
628;DANCING LE TITANIC;07-Ardèche;Discotheque;Chandolas
626;BOMBA;07-Ardèche;Discotheque;Felines
623;LE TRAVOLTA;07-Ardèche;Discotheque;Joyeuse
619;LE GIBUS;07-Ardèche;Discotheque;Lalouvesc
625;L'OPERA;07-Ardèche;Discotheque;Lamastre
631;LA BODEGA;07-Ardèche;Discotheque;Le cheylard
629;DISCOTHEQUE CHATEAU LACOUR;07-Ardèche;Discotheque;Saint agreve
630;DISCOTHEQUE LE PRIVE;07-Ardèche;Discotheque;Saint peray
624;L'HILARIOS;07-Ardèche;Discotheque;Tournon sur rhone
618;CUBANITO;07-Ardèche;Discotheque;Vallon pont d'arc
622;LE NIGHT;07-Ardèche;Discotheque;Vernoux en vivarais
367;LA CHAUMETTE;07-Ardèche;Hôtel;Privas
666;Hôtel Les Mimosas **;07-Ardèche;Hôtel;St martin d'ardeche
670;Le Bouffadou;07-Ardèche;Hôtel/Restaurant;Ajoux
1239;LA VIEILLE FONTAINE;07-Ardèche;Hôtel/Restaurant;Alba la romaine
1242;AUBERGE DU DUZON;07-Ardèche;Hôtel/Restaurant;Alboussiere
1249;D'AY ***;07-Ardèche;Hôtel/Restaurant;Annonay
1324;LORIOL HOTEL BOUTIQUE;07-Ardèche;Hôtel/Restaurant;Antraigues sur volane
1342;ENJOLRAS;07-Ardèche;Hôtel/Restaurant;Antraigues sur volane
370;La Pinède;07-Ardèche;Hôtel/Restaurant;Aubenas
1270;L'AUBERGE DES PINS;07-Ardèche;Hôtel/Restaurant;Aubenas
1271;LES NEGOCIANTS;07-Ardèche;Hôtel/Restaurant;Aubenas
1286;AUBERGE DES 4 VENTS;07-Ardèche;Hôtel/Restaurant;Baix
1298;AUBERGE DE LA GARE;07-Ardèche;Hôtel/Restaurant;Beaulieu
657;Le relais de la poste;07-Ardèche;Hôtel/Restaurant;Grospierres
424;HOTEL LES CEDRES;07-Ardèche;Hôtel/Restaurant;Joyeuse
665;Hôtel des Persèdes;07-Ardèche;Hôtel/Restaurant;Lavilledieu
672;Hôtel-Restaurant Le Sarrazin;07-Ardèche;Hôtel/Restaurant;Orgnac   l'aven
664;Douce France **;07-Ardèche;Hôtel/Restaurant;Saint alban auriolles
661;Le Mas de mon Père;07-Ardèche;Hôtel/Restaurant;Saint jean le centenier
655;Auberge la Tour de Brisson;07-Ardèche;Hôtel/Restaurant;Sanilhac
669;Le Jardin **;07-Ardèche;Hôtel/Restaurant;St marcel d'ardeche
658;L'Escarbille;07-Ardèche;Hôtel/Restaurant;St martin d'ardeche
663;Hôtel Restaurant des Marronniers **;07-Ardèche;Hôtel/Restaurant;Thueyts
433;LE CHATEAU;07-Ardèche;Hôtel/Restaurant;Tournon sur rhone
656;Hôtel du Tourisme;07-Ardèche;Hôtel/Restaurant;Vallon pont d'arc
659;Le Clos Charmant;07-Ardèche;Hôtel/Restaurant;Vallon pont d'arc
668;Les Clos des Bruyères **;07-Ardèche;Hôtel/Restaurant;Vallon pont d'arc
434;GRAND HOTEL DES BAINS;07-Ardèche;Hôtel/Restaurant;Vals les bains
660;Grand Hôtel des Bains ***;07-Ardèche;Hôtel/Restaurant;Vals les bains
662;Grand Hôtel de Lyon ***;07-Ardèche;Hôtel/Restaurant;Vals les bains
667;Hôtel Restaurant La Falaise;07-Ardèche;Hôtel/Restaurant;Vogüe
423;Ardèche Montgolfières;07-Ardèche;Loisir/Sport;Annonay
1072;Bétancourt Patrice;07-Ardèche;Loisir/Sport;Grospierres
1075;Circuit Aubenas Lanas;07-Ardèche;Loisir/Sport;Lanas
1070;Cross up;07-Ardèche;Loisir/Sport;Larnas
1071;Karting de Lavilledieu;07-Ardèche;Loisir/Sport;Lavilledieu
1076;Laumatec;07-Ardèche;Loisir/Sport;Lavilledieu
1031;Centre Tout Terrain;07-Ardèche;Loisir/Sport;Rochepaule
1074;Albert Addesso Organisation;07-Ardèche;Loisir/Sport;Roiffieux
1073;Rando Jeep Ardéche;07-Ardèche;Loisir/Sport;Sampzon
375;SAFARI DE PEAUGRES;07-Ardèche;Parc animalier;Peaugres
388;Chemin de fer du Vivarais;07-Ardèche;parc d'attraction;Tournon sur rhone
376;Adventure Camp;07-Ardèche;parc d'attraction;Vals les bains
1237;FERME AUBERGE LA FENEIRE;07-Ardèche;Restaurant;Aizac
1240;LE BOUT DU MONDE;07-Ardèche;Restaurant;Alba la romaine
1241;LA PETITE CHAUMIERE;07-Ardèche;Restaurant;Alba la romaine
1243;FLUNCH RESTAURANT PHIMODINE;07-Ardèche;Restaurant;Alissas
1244;LOU ESCLOS;07-Ardèche;Restaurant;Alissas
1245;BAR RESTAURANT DES SIX CHEMINS;07-Ardèche;Restaurant;Annonay
1246;BRASSERIE DU VIVARAIS;07-Ardèche;Restaurant;Annonay
1247;CREPERIE LA BOLEE;07-Ardèche;Restaurant;Annonay
1248;L’EPICURIEN;07-Ardèche;Restaurant;Annonay
1250;LE LATINO PIZZERIA;07-Ardèche;Restaurant;Annonay
1251;LE RABUZOU;07-Ardèche;Restaurant;Annonay
1252;LES COPAINS D’ABORD;07-Ardèche;Restaurant;Annonay
1253;CHINA TOWN;07-Ardèche;Restaurant;Annonay
1254;RESTAURANT L’ESCABELLE;07-Ardèche;Restaurant;Annonay
1255;La Halle;07-Ardèche;Restaurant;Annonay
1256;LA TRUFFOLE;07-Ardèche;Restaurant;Annonay
1257;LE CRISTAL;07-Ardèche;Restaurant;Annonay
1258;LE PATIO;07-Ardèche;Restaurant;Annonay
1259;LE RATELIER;07-Ardèche;Restaurant;Annonay
1260;MARC ET CHRISTINE;07-Ardèche;Restaurant;Annonay
1261;PIZZERIA LA TOUPINE;07-Ardèche;Restaurant;Annonay
1262;VIA ROMA;07-Ardèche;Restaurant;Annonay
1263;CHEZ L'AUVERGNAT;07-Ardèche;Restaurant;Antraigues sur volane
1264;LA REMISE;07-Ardèche;Restaurant;Antraigues sur volane
1265;LO PODELLO;07-Ardèche;Restaurant;Antraigues sur volane
1322;CAFE RESTAURANT LE PONT;07-Ardèche;Restaurant;Antraigues sur volane
1266;LATRIA;07-Ardèche;Restaurant;Ardoix
1267;AU BON COIN;07-Ardèche;Restaurant;Aubenas
1268;AU BUREAU;07-Ardèche;Restaurant;Aubenas
1269;BUFFALO GRILL;07-Ardèche;Restaurant;Aubenas
1272;L’ANTRE D’EUX;07-Ardèche;Restaurant;Aubenas
1273;L’ENTRACTE;07-Ardèche;Restaurant;Aubenas
1274;LA CHURRASQUEIRA;07-Ardèche;Restaurant;Aubenas
1275;LE CASTEL;07-Ardèche;Restaurant;Aubenas
1276;Le Chat qui Pêche;07-Ardèche;Restaurant;Aubenas
1277;Le Coyote;07-Ardèche;Restaurant;Aubenas
1278;LE PALAIS DU COUSCOUS;07-Ardèche;Restaurant;Aubenas
1280;NUIT DE SAIGON;07-Ardèche;Restaurant;Aubenas
1281;PIZZERIA LE DUGUESCLIN;07-Ardèche;Restaurant;Aubenas
1282;RESTAURANT CROZE;07-Ardèche;Restaurant;Aubenas
1283;RESTAURANT DU CHATEAU;07-Ardèche;Restaurant;Aubenas
1284;RESTAURANT LE FOURNIL;07-Ardèche;Restaurant;Aubenas
1285;LE PICODON;07-Ardèche;Restaurant;Aubenas
1294;LE BURON;07-Ardèche;Restaurant;Balazuc
1295;RESTAURANT L’AMOURIER;07-Ardèche;Restaurant;Balazuc
1296;AUBERGE DES AVELAS;07-Ardèche;Restaurant;Banne
1297;LA GRIGNOTTE;07-Ardèche;Restaurant;Beauchastel
1300;GUINGUETTE DE CHAULET PLAGE;07-Ardèche;Restaurant;Berrias et casteljau
1301;LE LAGON;07-Ardèche;Restaurant;Berrias et casteljau
1302;LA CULOTTE COURTE;07-Ardèche;Restaurant;Berrias et casteljau
1303;LA SOURCE;07-Ardèche;Restaurant;Berrias et casteljau
1304;AUBERGE DU POUZAT;07-Ardèche;Restaurant;Bidon
1305;AUBERGE LA FARIGOULE;07-Ardèche;Restaurant;Bidon
1306;AUBERGE DE BOFFRES;07-Ardèche;Restaurant;Boffres
1307;LE MONTAGNARD;07-Ardèche;Restaurant;Boree
1309;AUBERGE DE LA BELLE AURORE;07-Ardèche;Restaurant;Bourg saint andeol
1310;BAR RESTAURANT L'ESTAMINET;07-Ardèche;Restaurant;Bourg saint andeol
1311;BOU NEM’S;07-Ardèche;Restaurant;Bourg saint andeol
1312;L’ESCAPADE;07-Ardèche;Restaurant;Bourg saint andeol
1313;LE JARDIN DE TOURNE;07-Ardèche;Restaurant;Bourg saint andeol
1314;LE YUCCA;07-Ardèche;Restaurant;Bourg saint andeol
1321;CHATAIGNES ET CHAMPIGNONS;07-Ardèche;Restaurant;Chalencon
1323;RESTAURANT DE LA TREILLE;07-Ardèche;Restaurant;Champagne
1326;RESTAURANT DU MIDI;07-Ardèche;Restaurant;Charmes sur rhone
1327;AUBERGE LA CLEDE;07-Ardèche;Restaurant;Chassiers
1330;RESTAURANT DU MOLIERE;07-Ardèche;Restaurant;Chomerac
1339;LA TAVERNE;07-Ardèche;Restaurant;Chomerac
1341;AUBERGE DE CRUSSOL;07-Ardèche;Restaurant;Cornas
1343;AUBERGE LES TROIS CHEMINS;07-Ardèche;Restaurant;Coux
1344;AUBERGE LE POIVRE D'ANE;07-Ardèche;Restaurant;Coux
402;Thermes de Neyrac-les-bains;07-Ardèche;Thermes;Meyras
407;Thermes de Vals les Bains;07-Ardèche;Thermes;Vals les bains
905;Aven d'Orgnac;07-Ardèche;Visite/Loisir;Orgnac   l'aven
929;Musée de L'Alambic;07-Ardèche;Visite/Loisir;Saint desirat
897;Aven Grotte de Marzal;07-Ardèche;Visite/Loisir;Saint remeze
904;Musée de la Lavande;07-Ardèche;Visite/Loisir;Saint remeze
1151;CAPITAL FORM;13-Bouches du Rhone;Clubs de forme;Plan de campagne
948;Pullman Marseille Palm Beach;13-Bouches du Rhone;Hôtel/Restaurant;Marseille
950;New Hotel Of Marseille ****;13-Bouches du Rhone;Hôtel/Restaurant;Marseille
952;Holiday Inn Marseille ****;13-Bouches du Rhone;Hôtel/Restaurant;Marseille
958;Sofitel Marseille Vieux Port*****;13-Bouches du Rhone;Hôtel/Restaurant;Marseille
1010;S2C;13-Bouches du Rhone;Loisir/Sport;Aix en provence
1014;Kart'In Aix;13-Bouches du Rhone;Loisir/Sport;Aix en provence
981;Karting Indoor Provence;13-Bouches du Rhone;Loisir/Sport;Aubagne
1007;Quad Extreme Puissance Kart;13-Bouches du Rhone;Loisir/Sport;Aubagne
1023;Société Nouvelle Circuit du Soleil;13-Bouches du Rhone;Loisir/Sport;Cuges les pins
1025;J.B Emeric;13-Bouches du Rhone;Loisir/Sport;Gemenos
1009;Circuit du Mistral SC dévelopment;13-Bouches du Rhone;Loisir/Sport;Grans
980;Karting Indoor Provence;13-Bouches du Rhone;Loisir/Sport;La penne/huveaune
982;Proquad / Land;13-Bouches du Rhone;Loisir/Sport;La penne/huveaune
908;LASER GAME EVOLUTION PLAN DE CAMPAGNE;13-Bouches du Rhone;Loisir/Sport;Les pennes mirabeau
1011;Circuit de l'Etang;13-Bouches du Rhone;Loisir/Sport;Rognac
979;Karting du Rove;13-Bouches du Rhone;Loisir/Sport;Rove
1008;Circuit Mistral Kart'One S C Motorsport Dévelopment;13-Bouches du Rhone;Loisir/Sport;Salon de provence
1024;Karting Vallée de l'Arc;13-Bouches du Rhone;Loisir/Sport;Trets
1022;Circuit Automobile du Grand Sambuc;13-Bouches du Rhone;Loisir/Sport;Vauvenargues
1013;Kart Up;13-Bouches du Rhone;Loisir/Sport;Vitrolles
917;Indian Forest Sud Accrobranche;13-Bouches du Rhone;parc d'attraction;Bouc bel air
6432;Parc Grimpozarbres;13-Bouches du Rhone;parc d'attraction;Marseille
916;VILLAGE DES AUTOMATES;13-Bouches du Rhone;parc d'attraction;Saint cannat
1134;INSTITUT DU COURS;13-Bouches du Rhone;Saunas / Hammams;Aix en provence
1154;HAMMAM DES ETOILES;13-Bouches du Rhone;Saunas / Hammams;Aubagne
1155;HAMMAM LES CASCADES;13-Bouches du Rhone;Saunas / Hammams;Gardanne
1152;EN APESANTEUR;13-Bouches du Rhone;Saunas / Hammams;La ciotat
1131;Les Bains de Breteuil;13-Bouches du Rhone;Saunas / Hammams;Marseille
1132;VILLA FLORENCE;13-Bouches du Rhone;Saunas / Hammams;Marseille
1133;LES BAINS DU HAREM;13-Bouches du Rhone;Saunas / Hammams;Marseille
1135;LA BASTIDE DES BAINS;13-Bouches du Rhone;Saunas / Hammams;Marseille
1148;LES BAINS DES SUD;13-Bouches du Rhone;Saunas / Hammams;Marseille
1149;LES THERMES;13-Bouches du Rhone;Saunas / Hammams;Marseille
1150;VOGUE;13-Bouches du Rhone;Saunas / Hammams;Marseille
1156;HAMMAM RAFIK;13-Bouches du Rhone;Saunas / Hammams;Marseille
1153;ENERGIE BEAUTE;13-Bouches du Rhone;Saunas / Hammams;Sausset les pins
7575;Croisières Marseille Calanques;13-Bouches du Rhone;Visite/Loisir;Marseille
470744;Cave du Liboreau;17-Charente Maritime;Id2Boutiques;Siecq
470751;Dubois Boulay;18-Cher;Produits Bio;Sancerre
470746;Maison du Pays de Vierzon;18-Cher;Restaurant;Vierzon
614;Domaine de Damian;26-Drome;Camping/Location;Vesc
651;FITNESS EVOLUTION;26-Drome;Clubs de forme;Bourg les valence
673;CLUB GAMBETTA;26-Drome;Clubs de forme;Bourg les valence
674;ESPACE FORM';26-Drome;Clubs de forme;Crest
650;FITNESS AVENUE;26-Drome;Clubs de forme;Portes les valence
652;FIT'N'FORM;26-Drome;Clubs de forme;Romans
675;ALLIGATOR CENTER;26-Drome;Clubs de forme;Romans
676;CENTRE DE REMISE EN FORME JOUVE;26-Drome;Clubs de forme;Romans
677;CENTRE EQUINOXE;26-Drome;Clubs de forme;Romans
654;VELLY INSTITUT;26-Drome;Clubs de forme;Valence
574;LE WHY;26-Drome;Discotheque;Albon
540;LA RIVIERA;26-Drome;Discotheque;Alixan
570;LE KAYA;26-Drome;Discotheque;Alixan
541;GALAXY KOMPLEX;26-Drome;Discotheque;Beausemblant
585;LE CASTEL;26-Drome;Discotheque;Bouchet
590;Discothèque Le Channel's;26-Drome;Discotheque;Bouchet
575;L'ENDROIT;26-Drome;Discotheque;Bourg les valence
565;LE BLUE NOTE;26-Drome;Discotheque;Chabeuil
593;LA FERME;26-Drome;Discotheque;Chateauneuf du rhone
572;LE SUMBA;26-Drome;Discotheque;Epinouze
571;LE RETRO;26-Drome;Discotheque;Gervans
576;LES RAMIERES;26-Drome;Discotheque;La baume de transit
591;Discothèque Le Midnight;26-Drome;Discotheque;La garde adhemar
589;AGORA;26-Drome;Discotheque;Montboucher sur jabron
577;L'ESCAPADE;26-Drome;Discotheque;Montelimar
586;LE DOMAINE;26-Drome;Discotheque;Pont de l'isere
595;LA SPIRALE;26-Drome;Discotheque;Portes les valence
592;Discothèque le Verseau;26-Drome;Discotheque;Saint thomas en royans
587;L'HACIENDA;26-Drome;Discotheque;Sauzet
573;LE SUNSHINE;26-Drome;Discotheque;Valence
594;LA PLAGE;26-Drome;Discotheque;Valence
470743;Ravioles Mere Maury;26-Drome;Epiceries fines;Romans
373;Golf d'Albon;26-Drome;Golf;Albon
382;Golf des Chanalets;26-Drome;Golf;Valence
580;LA BASTIDE DE GRIGNAN ***;26-Drome;Hôtel;Grignan
563;Balladins Confort;26-Drome;Hôtel;Montelimar
603;HOTEL DU COMTE **;26-Drome;Hôtel;Suze la rousse
404;Hôtel de France;26-Drome;Hôtel;Valence
583;LES ARCADES LE LION D'OR **;26-Drome;Hôtel/Restaurant;Buis les baronnies
403;Rêveries du lac;26-Drome;Hôtel/Restaurant;Chateauneuf sur isere
601;L'ESCARGOT D'OR **;26-Drome;Hôtel/Restaurant;Dieulefit
605;L'HIBISCUS;26-Drome;Hôtel/Restaurant;Donzere
579;MANOIR DE LA ROSERAIE ****;26-Drome;Hôtel/Restaurant;Grignan
600;LE SEVIGNE **;26-Drome;Hôtel/Restaurant;Grignan
598;LE JABRON;26-Drome;Hôtel/Restaurant;La begude de mazenc
582;LE LOGIS DE L'ESCALIN ***;26-Drome;Hôtel/Restaurant;La garde adhemar
371;Domaine du Colombier;26-Drome;Hôtel/Restaurant;Malataverne
599;LE SAINT MARC **;26-Drome;Hôtel/Restaurant;Mollans sur ouveze
604;LA BADIANE;26-Drome;Hôtel/Restaurant;Montauban sur l'ouveze
372;Domaine de la Valdaine;26-Drome;Hôtel/Restaurant;Montboucher sur jabron
429;L'HOSTELLERIE DES PINS ***;26-Drome;Hôtel/Restaurant;Montelimar
581;RELAIS DE L'EMPEREUR;26-Drome;Hôtel/Restaurant;Montelimar
432;LES HOSPITALIERS;26-Drome;Hôtel/Restaurant;Poet laval
418;NOUVEL HOTEL;26-Drome;Hôtel/Restaurant;Portes les valence
578;Château de Rochegude ****;26-Drome;Hôtel/Restaurant;Rochegude
430;HOTEL RESTAURANT CHARTRON;26-Drome;Hôtel/Restaurant;Saint donat sur herbasse
365;VILLA AUGUSTA;26-Drome;Hôtel/Restaurant;Saint paul trois chateaux
431;LE MOULIN DE VALAURIE;26-Drome;Hôtel/Restaurant;Valaurie
387;Yan's Hotel;26-Drome;Hôtel/Restaurant;Valence
400;Novotel Valence;26-Drome;Hôtel/Restaurant;Valence
401;Hôtel ibis Valence;26-Drome;Hôtel/Restaurant;Valence
412;Hôtel Campanile;26-Drome;Hôtel/Restaurant;Valence
413;Mercure Valence Sud;26-Drome;Hôtel/Restaurant;Valence
419;HOTEL DE LYON;26-Drome;Hôtel/Restaurant;Valence
421;ATRIUM HOTEL;26-Drome;Hôtel/Restaurant;Valence
422;L'OLIVERAIE;26-Drome;Hôtel/Restaurant;Valence
854;Madinier location;26-Drome;Location de voitures;Albon
696;Hertz France;26-Drome;Location de voitures;Alixan
849;Europcar France;26-Drome;Location de voitures;Alixan
855;National Citer;26-Drome;Location de voitures;Alixan
707;Loc 7;26-Drome;Location de voitures;Bourg de peage
692;Hertz France;26-Drome;Location de voitures;Bourg les valence
850;Europcar France agence Bourg les Valence;26-Drome;Location de voitures;Bourg les valence
636;Auto Méca;26-Drome;Location de voitures;Chateauneuf sur isere
705;Car'Go Central Garage Frey Agent indépendant;26-Drome;Location de voitures;Cliousclat
645;C.V.I.A;26-Drome;Location de voitures;Crest
721;AB Location;26-Drome;Location de voitures;Crest
853;Europcar Garage Rignol Dépositaire;26-Drome;Location de voitures;La motte de galaure
702;Hertz BPA (SA) Franchisé indépendant Agence de Montélimar;26-Drome;Location de voitures;Montelimar
715;Avis Location de voitures et utilitaires;26-Drome;Location de voitures;Montelimar
717;Avis Location de voitures;26-Drome;Location de voitures;Montelimar
723;ADA Location;26-Drome;Location de voitures;Montelimar
726;L.B.L;26-Drome;Location de voitures;Montelimar
727;Auto Méca;26-Drome;Location de voitures;Montelimar
851;Europcar France agence Montélimar;26-Drome;Location de voitures;Montelimar
703;Hertz BPA (SA) Franchisé indépendant à Pierrelatte Dépot garage Peugeot;26-Drome;Location de voitures;Pierrelatte
724;Ada Location;26-Drome;Location de voitures;Pierrelatte
852;Europcar France;26-Drome;Location de voitures;Pierrelatte
856;Point Car Go Garage Cordeil Franchisé indépendant;26-Drome;Location de voitures;Pierrelatte
646;Fraikin Locatime;26-Drome;Location de voitures;Portes les valence
642;Carrier Location;26-Drome;Location de voitures;Romans
710;Avis Location de voitures et utilitaires;26-Drome;Location de voitures;St marcel les valence
713;Avis Location de voitures;26-Drome;Location de voitures;St marcel les valence
643;Clovis Location Echinard et Faure Franchisé indépendant;26-Drome;Location de voitures;St vallier
638;SIXT LOCATION DE VOITURES;26-Drome;Location de voitures;Valence
640;Car'Go;26-Drome;Location de voitures;Valence
647;Grim Auto Location;26-Drome;Location de voitures;Valence
699;Hertz France;26-Drome;Location de voitures;Valence
706;Loc 7;26-Drome;Location de voitures;Valence
712;Avis Location de voitures;26-Drome;Location de voitures;Valence
722;ADA D.Location;26-Drome;Location de voitures;Valence
725;Rent a Car MDL Concessionnaire;26-Drome;Location de voitures;Valence
728;Auto Méca;26-Drome;Location de voitures;Valence
835;ADA D.Location;26-Drome;Location de voitures;Valence
1026;Eurokart;26-Drome;Loisir/Sport;Chateauneuf sur isere
1030;Auto Glisse 26;26-Drome;Loisir/Sport;Crupies
613;Cent pour Cent Loisirs;26-Drome;Loisir/Sport;Les tourrettes
617;Laser Game Le Complex Indépendant;26-Drome;Loisir/Sport;Montelimar
1027;Mistral Kart;26-Drome;Loisir/Sport;Montelimar
1028;Ventoux Adventure;26-Drome;Loisir/Sport;Plaisians
568;Paintball Loisir;26-Drome;Loisir/Sport;Portes les valence
620;Centre de Loisirs Saint Paul 2003;26-Drome;Loisir/Sport;Saint paul trois chateaux
569;Laser Game;26-Drome;Loisir/Sport;Valence
1029;X-Trem Karting;26-Drome;Loisir/Sport;Valence
363;LA FERME AUX CROCODILES;26-Drome;Parc animalier;Pierrelatte
566;Le Jardin aux Oiseaux;26-Drome;Parc animalier;Upie
558;Indian's Vallée;26-Drome;parc d'attraction;Beauregard baret
609;Parc Le Petit Cirque;26-Drome;parc d'attraction;Chateaudouble
612;Acro Pôle Aventure;26-Drome;parc d'attraction;Comps
596;Le Monde Merveilleux des Lutins;26-Drome;parc d'attraction;Hostun
610;Parc Oasis Aventura;26-Drome;parc d'attraction;Le grand serre
615;La Forêt de Robin;26-Drome;parc d'attraction;Marsanne
608;Parc de Loisirs Aquatiques du Nyonsais;26-Drome;parc d'attraction;Nyons
869;ANIMODOU;26-Drome;parc d'attraction;Saint donat sur herbasse
627;Domaine Le Sagittaire;26-Drome;parc d'attraction;Vinsobres
415;Restaurant Rive Gauche;26-Drome;Restaurant;Tain l'hermitage
364;MAISON PIC - Relais et Chateaux Pic;26-Drome;Restaurant;Valence
362;FOLIES DU LAC;26-Drome;Spectacle;Chateauneuf sur isere
411;CEGEP;26-Drome;Vacances;Valence
470742;Le Chaudron d'Or;26-Drome;Visite/Loisir;Montelimar
425;Le bateau à roue;26-Drome;Visite/Loisir;St nazaire en royans
427;La Grotte Préhistorique de Thaïs;26-Drome;Visite/Loisir;St nazaire en royans
428;Aqueduc de St Nazaire;26-Drome;Visite/Loisir;St nazaire en royans
420;Les châteaux de la drôme;26-Drome;Visite/Loisir;Valence
737;Roques ***;30-Gard;Hôtel;Les angles
1317;Léa Sports;30-Gard;Loisir/Sport;Aigues mortes
1291;Alpha Karting;30-Gard;Loisir/Sport;Ales
1181;Espace Loisirs Karting;30-Gard;Loisir/Sport;Beaucaire
1195;CRD Racing;30-Gard;Loisir/Sport;Beaucaire
1288;Sud Evasion Karting;30-Gard;Loisir/Sport;Beaucaire
1289;Sud Karting;30-Gard;Loisir/Sport;Bouillargues
1293;La Calmette Karting;30-Gard;Loisir/Sport;La calmette
1316;Sirius Compétition;30-Gard;Loisir/Sport;Ledenon
1318;Milhaud Karting location;30-Gard;Loisir/Sport;Milhaud
1292;Circuit des Cabanelles;30-Gard;Loisir/Sport;Monteils
1287;Alès Racing System;30-Gard;Loisir/Sport;St martin de valgalgues
1290;Tip-Top Diffusion;30-Gard;Loisir/Sport;St martin de valgalgues
973;Babyland;30-Gard;parc d'attraction;Le grau du roi
974;SITE DU PONT DU GARD;30-Gard;Visite/Loisir;Vers pont du gard
5502;Hotel du Taur **;31-Haute Garonne;Hôtel;Toulouse
5505;Hôtel des Beaux Arts ***;31-Haute Garonne;Hôtel;Toulouse
5507;ARIANE;31-Haute Garonne;Hôtel;Toulouse
5508;HOTEL DE FRANCE;31-Haute Garonne;Hôtel;Toulouse
5509;CROWNE PLAZA;31-Haute Garonne;Hôtel;Toulouse
5501;Le Flore;31-Haute Garonne;Restaurant;Toulouse
470750;Centre Animation Jeunesse;33-Gironde;Loisirs - Enfants;Talence
776;Discothèque l'Evidance;38-Isère;Discotheque;Allevard
774;DISCOTHEQUE LES CAVES DE l'ALPE;38-Isère;Discotheque;Alpe d'huez
773;CHATEAU DE BEAUVOIR;38-Isère;Discotheque;Beauvoir en royans
708;G.D.A;38-Isère;Discotheque;Bourgoin jallieu
760;LE MURPHY'S;38-Isère;Discotheque;Bourgoin jallieu
720;SCOTCH CLUB;38-Isère;Discotheque;Brie et angonnes
700;SYXTY'S;38-Isère;Discotheque;Chamrousse
714;LE TANGO;38-Isère;Discotheque;Echirolles
691;MAGIQUE;38-Isère;Discotheque;Fontaine
694;DRAC OUEST;38-Isère;Discotheque;Fontaine
693;NUMBER ONE;38-Isère;Discotheque;Fontanil cornillon
772;LE CESAR PALACE;38-Isère;Discotheque;Grenay
695;JAME'S DEAN CAFE;38-Isère;Discotheque;Grenoble
697;LE VIEUX MANOIR;38-Isère;Discotheque;Grenoble
698;SYSTEM;38-Isère;Discotheque;Grenoble
701;AMBIANCE CAFE;38-Isère;Discotheque;Grenoble
718;LIQUID;38-Isère;Discotheque;Grenoble
751;LA FETE;38-Isère;Discotheque;Grenoble
753;L'ACTUEL RAÏ;38-Isère;Discotheque;Grenoble
756;LE CLUB;38-Isère;Discotheque;Grenoble
758;LE GEORGES V;38-Isère;Discotheque;Grenoble
759;LE K'DOC;38-Isère;Discotheque;Grenoble
765;STAFF NIGHT LE NAOS;38-Isère;Discotheque;Grenoble
778;DOTTY NIGHT;38-Isère;Discotheque;Grenoble
716;L'EPSILON;38-Isère;Discotheque;Izeron
709;LE SAINT TROP-LE COMIX;38-Isère;Discotheque;La balme les grottes
768;JMD;38-Isère;Discotheque;La mure d'isere
719;L'OPERA;38-Isère;Discotheque;Les deux alpes
754;L'AVALANCHE;38-Isère;Discotheque;Les deux alpes
769;LA CASA;38-Isère;Discotheque;Les deux alpes
752;LA GAMBADE;38-Isère;Discotheque;Les sept laux prapoutel
755;LE CHEVAL DE FER;38-Isère;Discotheque;Meaudre
764;LE PHOENIX;38-Isère;Discotheque;Meylan
762;LE PARADISE;38-Isère;Discotheque;Saint alban de roche
766;LA CHOUE;38-Isère;Discotheque;Saint martin d'uriage
771;BAOBAB;38-Isère;Discotheque;Sassenage
838;COMFORT HOTEL RESIDENCE ***;38-Isère;Golf;Grenoble
807;Le Chamois;38-Isère;Hôtel;Alpe d'huez
809;Le Pic Blanc;38-Isère;Hôtel;Alpe d'huez
810;Les Chalets de l'Altiport ****;38-Isère;Hôtel;Alpe d'huez
811;Les Grandes Rousses ***;38-Isère;Hôtel;Alpe d'huez
813;Mister Bed City **;38-Isère;Hôtel;Bourgoin jallieu
819;Formule 1 Chanas;38-Isère;Hôtel;Chanas
823;FORMULE 1 - Chasse-sur-Rhône **;38-Isère;Hôtel;Chasse sur rhone
825;Kyriad Eybens **;38-Isère;Hôtel;Eybens
826;Kyriad Grenoble le Fontanil **;38-Isère;Hôtel;Fontanil cornillon
829;Citadines Apart'Hotel ***;38-Isère;Hôtel;Grenoble
830;CITY SUITES ***;38-Isère;Hôtel;Grenoble
831;Hotel Alizé *;38-Isère;Hôtel;Grenoble
839;Le Grand Hôtel ***;38-Isère;Hôtel;Grenoble
840;GRAND HOTEL MERCURE PRESIDENT ***;38-Isère;Hôtel;Grenoble
843;HOTEL MERCURE CENTRE ALPOTEL ***;38-Isère;Hôtel;Grenoble
844;HOTEL PARIS-NICE **;38-Isère;Hôtel;Grenoble
859;PATRICK HOTEL INTERHOTEL;38-Isère;Hôtel;Grenoble
860;Splendid Hôtel **;38-Isère;Hôtel;Grenoble
862;Novotel Grenoble Centre ***;38-Isère;Hôtel;Grenoble
863;Résidence Marie Curie;38-Isère;Hôtel;Grenoble
864;Tulip Inn Hotel Angleterre ***;38-Isère;Hôtel;Grenoble
867;Murtel;38-Isère;Hôtel;La mure
870;Chalet Hotel Mounier ***;38-Isère;Hôtel;Les deux alpes
872;La Farandole ****;38-Isère;Hôtel;Les deux alpes
866;Hôtel Première Classe;38-Isère;Hôtel;L'isle d'abeau
883;Hôtel Balladins Moirans;38-Isère;Hôtel;Moirans
885;Hôtel Balladins Montbonnot Express;38-Isère;Hôtel;Montbonnot saint martin
892;Kyriad Seyssins **;38-Isère;Hôtel;Seyssins
887;Hôtel Balladins Saint-Egrève *;38-Isère;Hôtel;St egreve
898;Bonsaï Etape Vienne;38-Isère;Hôtel;Vienne
900;PYRAMIDE F. POINT;38-Isère;Hôtel;Vienne
910;HOTEL MERCURE ***;38-Isère;Hôtel;Villefontaine
911;Hôtel Kyriad Voiron Chartreuse **;38-Isère;Hôtel;Voiron
912;HOTEL ETAP HOTEL;38-Isère;Hôtel;Voreppe
803;Hometel du Parc ***;38-Isère;Hôtel/Restaurant;Allevard
804;Les Terrasses **;38-Isère;Hôtel/Restaurant;Allevard
805;Le Panoramic **;38-Isère;Hôtel/Restaurant;Allevard
806;Chalet Le Printemps de Juliette;38-Isère;Hôtel/Restaurant;Alpe d'huez
808;Royal Ours Blanc ****;38-Isère;Hôtel/Restaurant;Alpe d'huez
812;HOTEL RESTAURANT ALPIN;38-Isère;Hôtel/Restaurant;Besse
817;Chavant ***;38-Isère;Hôtel/Restaurant;Bresson
818;Campanile Chanas **;38-Isère;Hôtel/Restaurant;Chanas
820;Hôtel Balladins;38-Isère;Hôtel/Restaurant;Chanas
821;Hôtel Mercure Chanas **;38-Isère;Hôtel/Restaurant;Chanas
822;Campanile Lyon - Chasse-sur-Rhône **;38-Isère;Hôtel/Restaurant;Chasse sur rhone
824;CHATEAU DE LA COMMANDERIE ***;38-Isère;Hôtel/Restaurant;Eybens
827;HOTEL IBIS **;38-Isère;Hôtel/Restaurant;Gieres
828;Ugerel Alpexpo ***;38-Isère;Hôtel/Restaurant;Grenoble
837;BEST WESTERN TERMINUS ***;38-Isère;Hôtel/Restaurant;Grenoble
841;HOTEL IBIS GRENOBLE GARE **;38-Isère;Hôtel/Restaurant;Grenoble
842;Les3Roses ***;38-Isère;Hôtel/Restaurant;Grenoble
858;Park Hôtel Grenoble;38-Isère;Hôtel/Restaurant;Grenoble
861;Ibis Grenoble Centre;38-Isère;Hôtel/Restaurant;Grenoble
868;Hôtel Le Relais de La Tour ***;38-Isère;Hôtel/Restaurant;La tour du pin
873;LA MARIANDE ***;38-Isère;Hôtel/Restaurant;Les deux alpes
874;HOTEL RESTAURANT MERCURE ***;38-Isère;Hôtel/Restaurant;Les deux alpes
865;HOTEL GRILL CAMPANILE **;38-Isère;Hôtel/Restaurant;L'isle d'abeau
875;La Soupière **;38-Isère;Hôtel/Restaurant;Meylan
876;Mercure Grenoble Meylan ***;38-Isère;Hôtel/Restaurant;Meylan
882;Campanile Moirans-Voreppe **;38-Isère;Hôtel/Restaurant;Moirans
888;HOTEL GRIL CAMPANILE **;38-Isère;Hôtel/Restaurant;Saint martin d'heres
884;Au Sans Souci;38-Isère;Hôtel/Restaurant;Saint paul les monestier
889;LA ROSELIÈRE **;38-Isère;Hôtel/Restaurant;Saint quentin fallavier
890;LES RELAIS BLEUS **;38-Isère;Hôtel/Restaurant;Saint quentin fallavier
891;HOTEL GRIL CAMPANILE **;38-Isère;Hôtel/Restaurant;Seyssins
886;Campanile Saint-Egrève **;38-Isère;Hôtel/Restaurant;St egreve
899;HOTEL IBIS **;38-Isère;Hôtel/Restaurant;Vienne
901;Best Western Grand Hotel De Paris ***;38-Isère;Hôtel/Restaurant;Villard de lans
902;LES BRUYERES **;38-Isère;Hôtel/Restaurant;Villard de lans
903;La Taïga **;38-Isère;Hôtel/Restaurant;Villard de lans
913;NOVOTEL VOREPPE ***;38-Isère;Hôtel/Restaurant;Voreppe
1078;Circuit Du Laquais;38-Isère;Loisir/Sport;Champier
1089;Ecole de conduite sur Glace de Chamrousse;38-Isère;Loisir/Sport;Chamrousse
1090;Espace Gliss;38-Isère;Loisir/Sport;Chamrousse
1086;Chrono Kart;38-Isère;Loisir/Sport;Crolles
1092;Formule Kart Indoor;38-Isère;Loisir/Sport;Echirolles
1082;Cohala;38-Isère;Loisir/Sport;Lans en vercors
1083;Prod'Jet;38-Isère;Loisir/Sport;Montalieu vercieu
1094;RTF 38 Apprieu;38-Isère;Loisir/Sport;Montrevel
1091;Feeling Pocket;38-Isère;Loisir/Sport;Morestel
1095;Book Compétition;38-Isère;Loisir/Sport;Saint pierre d'allevard
1093;L.V.R;38-Isère;Loisir/Sport;Satolas et bonce
909;Musée La Tanière Enchantée;38-Isère;Parc animalier;Villard de lans
834;Aventure Parc;38-Isère;parc d'attraction;Autrans
845;LE JARDIN FERROVIAIRE;38-Isère;parc d'attraction;Chatte
832;Air Parc-Parcours d'Aventure et Tyrolien;38-Isère;parc d'attraction;Laffrey
374;Walibi;38-Isère;parc d'attraction;Les avenieres
871;WALIBI RHONE ALPES;38-Isère;parc d'attraction;Les avenieres
846;PAINTBALL DES NARCES;38-Isère;parc d'attraction;Meaudre
833;Amphi Concept;38-Isère;parc d'attraction;Montalieu vercieu
848;Randos Quads Nord Isère;38-Isère;parc d'attraction;Morestel
814;MIRIPILI;38-Isère;parc d'attraction;Saint antoine l'abbaye
816;BOIS FRANCAIS;38-Isère;parc d'attraction;Saint ismier
847;Parcours Aventure Trieves;38-Isère;parc d'attraction;Saint michel les portes
877;Parcours Aventure de Saint Nizier;38-Isère;parc d'attraction;Saint nizier du moucherotte
815;BANZAÏ;38-Isère;parc d'attraction;Saint pierre d'allevard
878;LOISIRS AVENTURE;38-Isère;parc d'attraction;Septeme
906;Grottes et site de Choranche;38-Isère;Visite/Loisir;Choranche
942;Grottes de la Balme;38-Isère;Visite/Loisir;La balme les grottes
426;Le jardin des fontaines pétrifiantes;38-Isère;Visite/Loisir;La sone
3503;LA MAGIE DES AUTOMATES;38-Isère;Visite/Loisir;Lans en vercors
895;Le Musée de l'eau;38-Isère;Visite/Loisir;Pont en royans
907;Musée de la Grande Chartreuse;38-Isère;Visite/Loisir;St pierre de chartreuse
857;Caves et Distillerie de la Chartreuse;38-Isère;Visite/Loisir;Voiron
934;Les secrets d'Antésite;38-Isère;Visite/Loisir;Voiron
915;Hôtel Balladins;42-Loire;Hôtel;La ricamarie
922;Formule 1 Roanne;42-Loire;Hôtel;Le coteau
931;ETAP HOTEL;42-Loire;Hôtel;Saint etienne
939;Hôtel Tenor;42-Loire;Hôtel;Saint etienne
940;Kyriad;42-Loire;Hôtel;Saint etienne
941;Résidence Jules Ferry;42-Loire;Hôtel;Saint etienne
943;HOTEL PREMIERE CLASSE;42-Loire;Hôtel;Villars
914;NOVOTEL ST ETIENNE AEROPORT;42-Loire;Hôtel/Restaurant;Andrezieux boutheon
923;IBIS ROANNE;42-Loire;Hôtel/Restaurant;Le coteau
924;HELIOS;42-Loire;Hôtel/Restaurant;Mably
925;Hostellerie La Poularde ***;42-Loire;Hôtel/Restaurant;Montrond les bains
926;Hôtel du Domaine de Champlong **;42-Loire;Hôtel/Restaurant;Roanne
927;CAMPANILE ROANNE;42-Loire;Hôtel/Restaurant;Roanne
928;HELIOS;42-Loire;Hôtel/Restaurant;Roanne
932;IBIS CHATEAUCREUX;42-Loire;Hôtel/Restaurant;Saint etienne
936;IBIS-NORD LA TERRASSE;42-Loire;Hôtel/Restaurant;Saint etienne
937;MERCURE;42-Loire;Hôtel/Restaurant;Saint etienne
930;CAMPANILE St Chamond;42-Loire;Hôtel/Restaurant;St chamond
1106;Circuit Léopard;42-Loire;Loisir/Sport;Andrezieux boutheon
1107;Circuit 3A Compétition;42-Loire;Loisir/Sport;Andrezieux boutheon
1110;Quad Nature;42-Loire;Loisir/Sport;Cellieu
1103;Performances Drive;42-Loire;Loisir/Sport;Saint cyprien
1105;Aventure Quad 42;42-Loire;Loisir/Sport;Usson en forez
1111;Sportive Karting de Villars;42-Loire;Loisir/Sport;Villars
938;Espace Zoologique;42-Loire;Parc animalier;St martin la plaine
880;LES ACROBOIS;42-Loire;parc d'attraction;La versanne
881;ASTRONEF;42-Loire;parc d'attraction;Saint etienne
933;Musée d'Art et d'Industrie;42-Loire;Visite/Loisir;Saint etienne
470747;Auberge du Colombier;55-Meuse;Restaurant;Villotte sur aire
947;L'ANE ROUGE;69-Rhone;Cabarets et music halls;Dardilly
1085;Athlétic Studio II;69-Rhone;Clubs de forme;Brignais
3568;New York Health Club;69-Rhone;Clubs de forme;Champagne au mont d'or
3571;Remodeligne;69-Rhone;Clubs de forme;Ecully
3567;Maxi Forme +;69-Rhone;Clubs de forme;Genas
1079;Lyon Plage;69-Rhone;Clubs de forme;Lyon 4eme
3569;Olympe 7;69-Rhone;Clubs de forme;Lyon 7eme
3572;Sport Attitude;69-Rhone;Clubs de forme;Lyon 9eme
3566;Majestic Body;69-Rhone;Clubs de forme;Venissieux
3570;Pur Pilates;69-Rhone;Clubs de forme;Villeurbanne
518;Monte Cristo;69-Rhone;Discotheque;Caluire
534;LA FIESTA;69-Rhone;Discotheque;Condrieu
489;CLUB PRIVE HAVANNA;69-Rhone;Discotheque;Corbas
535;LA ROCADE;69-Rhone;Discotheque;Corbas
469;NAUTILUS CLUB;69-Rhone;Discotheque;Cublize
557;OSCAR DISCOTHEQUE;69-Rhone;Discotheque;Dardilly
485;LE SIX;69-Rhone;Discotheque;Limas
483;LE BALDINGO;69-Rhone;Discotheque;Lyon 1er
493;LE 10;69-Rhone;Discotheque;Lyon 1er
531;L'OPERA ROCK;69-Rhone;Discotheque;Lyon 1er
536;LA SALSA;69-Rhone;Discotheque;Lyon 1er
551;LE PARADISO;69-Rhone;Discotheque;Lyon 1er
553;LE MADRAS 2;69-Rhone;Discotheque;Lyon 1er
527;PLANTATION DISCOTHEQUE;69-Rhone;Discotheque;Lyon 2eme
548;LE MARAIS;69-Rhone;Discotheque;Lyon 2eme
484;LE FRIDGE;69-Rhone;Discotheque;Lyon 3eme
546;FISH;69-Rhone;Discotheque;Lyon 3eme
471;NEW ORLEANS;69-Rhone;Discotheque;Lyon 5eme
472;LE PAPAGAYO;69-Rhone;Discotheque;Lyon 5eme
482;LA GRANGE AU BOUC;69-Rhone;Discotheque;Lyon 5eme
490;KEYI KINGSTON LIFE;69-Rhone;Discotheque;Lyon 5eme
492;LE DIAMANT NOIR;69-Rhone;Discotheque;Lyon 5eme
530;LE KOBDO;69-Rhone;Discotheque;Lyon 5eme
547;LE MAMBO;69-Rhone;Discotheque;Lyon 5eme
554;BLACK AND WHITE;69-Rhone;Discotheque;Lyon 5eme
555;BAMBOU CLUB;69-Rhone;Discotheque;Lyon 5eme
491;LE COPACABANA;69-Rhone;Discotheque;Lyon 7eme
494;LE DJOLIBA;69-Rhone;Discotheque;Lyon 7eme
495;Le FOX-TROT;69-Rhone;Discotheque;Lyon 7eme
499;LE LOFT CLUB;69-Rhone;Discotheque;Lyon 7eme
470;NEW HOLLYWOOD;69-Rhone;Discotheque;Lyon 8eme
529;FLAMENCO ROCK;69-Rhone;Discotheque;Lyon 9eme
543;LE DRUNGLY;69-Rhone;Discotheque;Pusignan
528;L'ARC EN CIEL;69-Rhone;Discotheque;Quincie en beaujolais
550;LE PALACIO;69-Rhone;Discotheque;Quincieux
538;L'APSARA;69-Rhone;Discotheque;Saint jean d'ardieres
542;DISCOTHEQUE LE MAGIC;69-Rhone;Discotheque;Saint marcel l'eclaire
556;MADISON;69-Rhone;Discotheque;Saint martin en haut
533;Le symbol - privilège;69-Rhone;Discotheque;Solaize
539;LE CERCLE;69-Rhone;Discotheque;Ternay
532;LA BODEGA;69-Rhone;Discotheque;Villefranche sur saone
537;LA STORIA;69-Rhone;Discotheque;Villefranche sur saone
552;LE SAXO-K;69-Rhone;Discotheque;Villefranche sur saone
641;GOLF DE SALVAGNY;69-Rhone;Golf;La tour de salvagny
639;GOLF CLUB DU BEAUJOLAIS;69-Rhone;GOLF;Lucenay
488;FASTHOTEL;69-Rhone;Hôtel;Irigny
476;Grand Hôtel des Terreaux;69-Rhone;Hôtel;Lyon 1er
475;Hôtel de Bretagne - Hotel Lyon;69-Rhone;Hôtel;Lyon 2eme
477;Hôtel Dubost;69-Rhone;Hôtel;Lyon 2eme
478;Boscolo Hôtel;69-Rhone;Hôtel;Lyon 2eme
487;Hôtel du Théâtre;69-Rhone;Hôtel;Lyon 2eme
506;Hôtel Carlton;69-Rhone;Hôtel;Lyon 2eme
509;HOTEL DU SIMPLON;69-Rhone;Hôtel;Lyon 2eme
514;HOTEL LA RESIDENCE;69-Rhone;Hôtel;Lyon 2eme
560;Hôtel Radison;69-Rhone;Hôtel;Lyon 3eme
526;LA CROIX ROUSSE;69-Rhone;Hôtel;Lyon 4eme
474;La Cour des Loges;69-Rhone;Hôtel;Lyon 5eme
525;Hôtel Villa Florentine;69-Rhone;Hôtel;Lyon 5eme
481;Hôtel Le Richelieu;69-Rhone;Hôtel;Lyon 6eme
486;Hôtel Olympique;69-Rhone;Hôtel;Lyon 6eme
497;Hôtel Britania;69-Rhone;Hôtel;Lyon 6eme
503;Au Patio Morand;69-Rhone;Hôtel;Lyon 6eme
516;Hôtel le Roosevelt;69-Rhone;Hôtel;Lyon 6eme
508;HOTEL DU HELDER;69-Rhone;Hôtel;Lyon 7eme
480;Hôtel Mercure;69-Rhone;Hôtel/Restaurant;Lyon
505;Château de Pizay;69-Rhone;Hôtel/Restaurant;Lyon
439;SOFITEL LYON BELLECOUR;69-Rhone;Hôtel/Restaurant;Lyon 2eme
501;Hôtel Charlemagne;69-Rhone;Hôtel/Restaurant;Lyon 2eme
504;Campanile Lyon Centre Perrache;69-Rhone;Hôtel/Restaurant;Lyon 2eme
513;Hôtel Kyriad;69-Rhone;Hôtel/Restaurant;Lyon 2eme
562;Résidence Residéal Lyon Bellecour;69-Rhone;Hôtel/Restaurant;Lyon 2eme
523;NOVOTEL;69-Rhone;Hôtel/Restaurant;Lyon 3eme
561;Résidence Park & Suites Part-Dieu;69-Rhone;Hôtel/Restaurant;Lyon 3eme
515;Hôtel La Tour Rose;69-Rhone;Hôtel/Restaurant;Lyon 5eme
479;Hilton Lyon;69-Rhone;Hôtel/Restaurant;Lyon 6eme
502;All Suites La Reine Astrid;69-Rhone;Hôtel/Restaurant;Lyon 6eme
511;HOTEL IBIS;69-Rhone;Hôtel/Restaurant;Lyon 7eme
524;HOTEL RESTAURANT SAPHIR;69-Rhone;Hôtel/Restaurant;Lyon 9eme
1320;Beaujolais Quad Evasion;69-Rhone;Loisir/Sport;Belmont d'azergues
1331;Karting Evasion;69-Rhone;Loisir/Sport;Bully
452;CANOED;69-Rhone;Loisir/Sport;Condrieu
1337;Karting Loisirs;69-Rhone;Loisir/Sport;Corbas
1319;Amonzevo;69-Rhone;Loisir/Sport;Lyon 5eme
1332;LRS Formula;69-Rhone;Loisir/Sport;Lyon 6eme
1338;MONO-LOC;69-Rhone;Loisir/Sport;Marennes
1333;Activert Centre Tout Terrain;69-Rhone;Loisir/Sport;Saint laurent de chamousset
1334;Actua Lyon Kart Métropole;69-Rhone;Loisir/Sport;Saint laurent de mure
1336;Foti Racing Service;69-Rhone;Loisir/Sport;Saint laurent de mure
1335;FLP Kart Evolution;69-Rhone;Loisir/Sport;Saint priest
1328;Kart'in Lyon;69-Rhone;Loisir/Sport;Venissieux
451;LE PARC DE COURZIEU;69-Rhone;Parc animalier;Courzieu
507;Aventures concept;69-Rhone;parc d'attraction;Avenas
522;La Forêt de l'Aventure;69-Rhone;parc d'attraction;Cublize
519;Fort de Montcorin;69-Rhone;parc d'attraction;Irigny
500;Aquarium du Grand Lyon;69-Rhone;parc d'attraction;La mulatiere
517;Fourvière Aventures;69-Rhone;parc d'attraction;Lyon 5eme
466;MEGAZONE LASER GAMES;69-Rhone;parc d'attraction;Lyon 6eme
512;Paintball Nature;69-Rhone;parc d'attraction;Mions
496;Akalud Evasion;69-Rhone;parc d'attraction;Ronno
449;CITY AVENTURE;69-Rhone;parc d'attraction;Sainte foy les lyon
521;Koala;69-Rhone;parc d'attraction;Sainte foy les lyon
644;GRAND PARC MIRIBEL JONAGE;69-Rhone;parc d'attraction;Vaulx en velin
450;LE NAUTILE;69-Rhone;parc d'attraction;Villefranche sur saone
448;LA ROTONDE;69-Rhone;Restaurant;La tour de salvagny
438;ROUGE TENDANCE;69-Rhone;Restaurant;Lyon 8eme
437;BAHO BEACH RESTAURANT;69-Rhone;Restaurant;Quincieux
3497;Le Charmy;69-Rhone;Restaurant;Saint pierre de chandieu
3498;AUBERGE DE SAVOYE;69-Rhone;Restaurant;Saint pierre de chandieu
3499;CHEZ MARTINE;69-Rhone;Restaurant;Saint pierre de chandieu
3500;LE SAINT JE;69-Rhone;Restaurant;Saint pierre de chandieu
3501;LA BONNE MINE;69-Rhone;Restaurant;Saint pierre la palud
3502;LE SAINT PIERRE;69-Rhone;Restaurant;Saint pierre la palud
3504;AU PELICAN;69-Rhone;Restaurant;Saint priest
3505;FLUNCH;69-Rhone;Restaurant;Saint priest
3506;L'ESTANQUET;69-Rhone;Restaurant;Saint priest
3507;LE COMPTOIR DE MAITRE KANTER;69-Rhone;Restaurant;Saint priest
3508;LE CRYSTAL;69-Rhone;Restaurant;Saint priest
3509;LE MARYLENE;69-Rhone;Restaurant;Saint priest
3510;LE MILLENAIRE;69-Rhone;Restaurant;Saint priest
3511;LE NATHY;69-Rhone;Restaurant;Saint priest
3512;LE PORTIQUE;69-Rhone;Restaurant;Saint priest
3513;LE ROMARIN;69-Rhone;Restaurant;Saint priest
3514;LE TAPAS;69-Rhone;Restaurant;Saint priest
3573;CUISINE DE LA PLAINE;69-Rhone;Restaurant;Sainte foy les lyon
3574;LARES D'AIME;69-Rhone;Restaurant;Sainte foy les lyon
3575;LE PETIT FIDESIEN;69-Rhone;Restaurant;Sainte foy les lyon
3576;LE POT DES GONES;69-Rhone;Restaurant;Sainte foy les lyon
3577;AUBERGE CHATOUX FLEURI;69-Rhone;Restaurant;Sainte paule
3578;LES MARONNIERS;69-Rhone;Restaurant;Sarcey
3579;CHEZ ZOUZOU;69-Rhone;Restaurant;Sathonay camp
3580;LE 32;69-Rhone;Restaurant;Sathonay camp
3581;LE PETIT HAVRE LE BOIS JOLAN;69-Rhone;Restaurant;Sathonay camp
3582;LE TERMINAL;69-Rhone;Restaurant;Sathonay camp
1087;Hammam Abid;69-Rhone;Saunas / Hammams;Givors
1065;Hammam la 7ème source;69-Rhone;Saunas / Hammams;Lyon 1er
1069;Histoire d'Eau;69-Rhone;Saunas / Hammams;Lyon 1er
1077;Les Bains de l'Opéra;69-Rhone;Saunas / Hammams;Lyon 1er
1063;GO KAN';69-Rhone;Saunas / Hammams;Lyon 4eme
1067;Hamman des Canuts;69-Rhone;Saunas / Hammams;Lyon 4eme
1062;ESPRIT SPA;69-Rhone;Saunas / Hammams;Lyon 6eme
1064;Hammam des Emeraudes;69-Rhone;Saunas / Hammams;Lyon 6eme
1080;Royal SPA;69-Rhone;Saunas / Hammams;Lyon 6eme
1081;Sauna Japonais;69-Rhone;Saunas / Hammams;Lyon 6eme
1084;Spa Lyon Foch Institut;69-Rhone;Saunas / Hammams;Lyon 6eme
1068;Hamman El Bled;69-Rhone;Saunas / Hammams;Lyon 8eme
1066;Hammam Les Naïades;69-Rhone;Saunas / Hammams;Villefranche sur saone
1088;Hammam Cleopatra;69-Rhone;Saunas / Hammams;Villeurbanne
436;Le Petit Musée Fantastique de Guignol;69-Rhone;Spectacle;Lyon 5eme
435;L'Atelier de la soierie;69-Rhone;Visite/Loisir;Lyon 1er
440;Musée des Beaux-Arts;69-Rhone;Visite/Loisir;Lyon 1er
443;Musée des tissus et des arts décoratifs;69-Rhone;Visite/Loisir;Lyon 2eme
441;Musée Gallo-Romain;69-Rhone;Visite/Loisir;Lyon 5eme
442;Musée Internationnal de la miniature;69-Rhone;Visite/Loisir;Lyon 5eme
446;La Basilique de Fourvière;69-Rhone;Visite/Loisir;Lyon 5eme
447;Parc de la Tête d'Or;69-Rhone;Visite/Loisir;Lyon 6eme
444;Musée Lumière;69-Rhone;Visite/Loisir;Lyon 8eme
445;Musée Gallo-Romain;69-Rhone;Visite/Loisir;Saint romain en gal
879;TOUROPARC ZOO;71-Saone et Loire;parc d'attraction;Romaneche thorins
470748;La ferme du bois brulé;71-Saone et Loire;Produits Bio;Simard
1115;Mistral Gagnant Evénementiel;73-Savoie;Loisir/Sport;Drumettaz clarafond
1117;Quad Organisation;73-Savoie;Loisir/Sport;Le bourget du lac
1113;Circuit Terre et Bitume;73-Savoie;Loisir/Sport;Sainte helene sur isere
1116;Moto Club des Bermudes;73-Savoie;Loisir/Sport;St pierre d'albigny
1114;Karting Cisalpino;73-Savoie;Loisir/Sport;Tournon
1112;Espace Karting Indoor;73-Savoie;Loisir/Sport;Voglans
6698;Terres de Truffes;75-Paris;Id2Boutiques;Paris 8eme
6686;BISTRO DES QUATRE SAISONS;83-Var;Bar/Café;Les arcs
6433;Cabaret Le Beau Site;83-Var;Cabarets et music halls;Le castellet
6436;LES FOLIE'S TERRIBLES;83-Var;Cabarets et music halls;Saint cyr sur mer
6437;Le Cochon Rose;83-Var;Cabarets et music halls;Toulon
983;LES CARAMAGNOLS;83-Var;Camping/Location;Cogolin
1037;La Résidence du Provençal;83-Var;Camping/Location;Hyeres les palmiers
1124;Résidence Open Saint-Aygulf  ***;83-Var;Camping/Location;Saint aygulf
1159;Résidence Cap Estérel ***;83-Var;Camping/Location;Saint raphael
1217;Le Domaine de Figuière ****;83-Var;Camping/Location;Sainte maxime
6434;Esterel Ranch;83-Var;Centres equestres, equitation;Agay
1123;La Maurette Roquebrune ***;83-Var;Chambres d'Hôtes;Roquebrune sur argens
945;Résidence Cap Esterel;83-Var;Hôtel;Agay
946;Bastide du Calalou ***;83-Var;Hôtel;Aups
959;BEL OMBRA **;83-Var;Hôtel;Bandol
960;Hôtel de la Baie ***;83-Var;Hôtel;Bandol
962;Grand Hôtel des Bains ***;83-Var;Hôtel;Bandol
964;ILE ROUSSE ****;83-Var;Hôtel;Bandol
965;Key Largo **;83-Var;Hôtel;Bandol
966;Hôtel de la Plage **;83-Var;Hôtel;Bormes les mimosas
967;La Garrigue;83-Var;Hôtel;Bormes les mimosas
968;La Parenthèse **;83-Var;Hôtel;Bormes les mimosas
969;Hôtel du Golf de Barbaroux;83-Var;Hôtel;Brignoles
970;Formule 1;83-Var;Hôtel;Brignoles
978;Best Western Relais du Font Mourier;83-Var;Hôtel;Cogolin
985;Le Clemenceau **;83-Var;Hôtel;Cogolin
986;Le Col de l'Ange **;83-Var;Hôtel;Draguignan
987;Le Victoria ***;83-Var;Hôtel;Draguignan
989;Hôtel Mercure Draguignan ***;83-Var;Hôtel;Draguignan
999;ATHENA MOTEL **;83-Var;Hôtel;Frejus
1001;Cap Riviera **;83-Var;Hôtel;Frejus
1002;ETAP HOTEL FREJUS;83-Var;Hôtel;Frejus
1003;ETAP HOTEL Saint Raphäel centre;83-Var;Hôtel;Frejus
1005;KYRIAD FREJUS;83-Var;Hôtel;Frejus
1006;Le Flore ** - Fréjus;83-Var;Hôtel;Frejus
1016;Le Mas de Chastelas *****;83-Var;Hôtel;Gassin
1019;Le Provençal;83-Var;Hôtel;Hyeres les palmiers
1032;CITOTEL DU SOLEIL **;83-Var;Hôtel;Hyeres les palmiers
1033;HOTEL DE L'EUROPE **;83-Var;Hôtel;Hyeres les palmiers
1034;ETAP HOTEL HYERES;83-Var;Hôtel;Hyeres les palmiers
1040;MERCURE ***;83-Var;Hôtel;Hyeres les palmiers
1044;LA BIENVENUE **;83-Var;Hôtel;La croix valmer
1046;Résidence Hôtelière de la Mer;83-Var;Hôtel;La croix valmer
1048;Kyriad Toulon la Garde **;83-Var;Hôtel;La garde
1051;FORMULE 1;83-Var;Hôtel;La seyne sur mer
1056;Azur **;83-Var;Hôtel;Le lavandou
1057;Espadon ***;83-Var;Hôtel;Le lavandou
1058;La Bastide **;83-Var;Hôtel;Le lavandou
1101;L'hôtel les calanques **;83-Var;Hôtel;Les issambres
1102;Villa Saint-Elme;83-Var;Hôtel;Les issambres
1104;Château de Berne;83-Var;Hôtel;Lorgues
1108;Château de Nans ***;83-Var;Hôtel;Nans les pins
1118;LE SUFFREN ***;83-Var;Hôtel;Port grimaud
1125;ETAP HOTEL;83-Var;Hôtel;Saint cyr sur mer
1127;LA CORNICHE **;83-Var;Hôtel;Saint cyr sur mer
1137;AUBERGE PROVENCALE **;83-Var;Hôtel;Saint raphael
1141;Hôtel Continental ***;83-Var;Hôtel;Saint raphael
1144;Hôtel de Flore ***;83-Var;Hôtel;Saint raphael
1145;Hôtel du Soleil **;83-Var;Hôtel;Saint raphael
1146;Le Thimothée **;83-Var;Hôtel;Saint raphael
1157;La Villa Mauresque;83-Var;Hôtel;Saint raphael
1158;Latitudes Golf de l'Estérel ***;83-Var;Hôtel;Saint raphael
1190;LA BASTIDE ROUGE;83-Var;Hôtel;Saint tropez
1160;BASTIDE DES SALINS;83-Var;Hôtel;Saint tropez
1192;LA TARTANE ****;83-Var;Hôtel;Saint tropez
1198;CITOTEL DE LA NARTELLE ***;83-Var;Hôtel;Sainte maxime
1199;DOMAINE DU CALIDIANUS ***;83-Var;Hôtel;Sainte maxime
1201;HOSTELLERIE LA CROISETTE ***;83-Var;Hôtel;Sainte maxime
1208;Amarante Golf Plaza ****;83-Var;Hôtel;Sainte maxime
1210;Jas Neuf ***;83-Var;Hôtel;Sainte maxime
1215;LES SANTOLINES ***;83-Var;Hôtel;Sainte maxime
1216;MARTINENGO ****;83-Var;Hôtel;Sainte maxime
963;Hôtel Best Western Soleil et Jardin ****;83-Var;Hôtel;Sanary sur mer
1219;Bel Azur **;83-Var;Hôtel;Six fours les plages
1221;ALBA-FLORA **;83-Var;Hôtel;Sollies pont
1222;FORMULE 1;83-Var;Hôtel;Sollies pont
1223;Balladins La Valette du Var **;83-Var;Hôtel;Toulon
1225;ETAP HOTEL Toulon;83-Var;Hôtel;Toulon
1226;Grand Hôtel de la Gare **;83-Var;Hôtel;Toulon
1227;GRAND HOTEL DU DAUPHINE **;83-Var;Hôtel;Toulon
1229;LA CORNICHE ***;83-Var;Hôtel;Toulon
1230;MERCURE TOULON ***;83-Var;Hôtel;Toulon
1231;NEW HOTEL AMIRAUTE ***;83-Var;Hôtel;Toulon
944;Le relais d'Agay **;83-Var;Hôtel/Restaurant;Agay
957;Le Grand Hôtel - Aups *;83-Var;Hôtel/Restaurant;Aups
961;Dolce Fregate;83-Var;Hôtel/Restaurant;Bandol
971;Ibis Brignoles;83-Var;Hôtel/Restaurant;Brignoles
972;Les gorges de Pennafort;83-Var;Hôtel/Restaurant;Callas
975;L'Auberge des Mourgues;83-Var;Hôtel/Restaurant;Callian
976;Le Richiardi;83-Var;Hôtel/Restaurant;Carqueiranne
977;Hôtel de la Calanque;83-Var;Hôtel/Restaurant;Cavalaire sur mer
984;La Maison du Monde;83-Var;Hôtel/Restaurant;Cogolin
991;Auberge des Mourgues;83-Var;Hôtel/Restaurant;Fayence
992;LA VIEILLE BASTIDE;83-Var;Hôtel/Restaurant;Flayosc
994;L’ARENA ***;83-Var;Hôtel/Restaurant;Frejus
1000;AUBERGE DES ADRETS ****;83-Var;Hôtel/Restaurant;Frejus
1004;CAMPANILE FREJUS;83-Var;Hôtel/Restaurant;Frejus
1194;Villa Belrose;83-Var;Hôtel/Restaurant;Gassin
1018;ATHENOPOLIS ***;83-Var;Hôtel/Restaurant;Grimaud
1035;IBIS ET THALASSO **;83-Var;Hôtel/Restaurant;Hyeres les palmiers
1036;IBIS HYERES CENTRE **;83-Var;Hôtel/Restaurant;Hyeres les palmiers
1038;LE MEDITERRANEE;83-Var;Hôtel/Restaurant;Hyeres les palmiers
1039;LES PRINTANIERES **;83-Var;Hôtel/Restaurant;Hyeres les palmiers
1041;Hostellerie Bérard ***;83-Var;Hôtel/Restaurant;La cadiere d'azur
1042;Hostellerie de l'Abbaye de la Celle ****;83-Var;Hôtel/Restaurant;La celle
1043;CHATEAU DE VALMER ****;83-Var;Hôtel/Restaurant;La croix valmer
1045;LA PINEDE-PLAGE ***;83-Var;Hôtel/Restaurant;La croix valmer
1047;SOULEIAS ***;83-Var;Hôtel/Restaurant;La croix valmer
1049;Le Longo Mai ***;83-Var;Hôtel/Restaurant;La garde freinet
6438;Le Domaine du Château de Taulane;83-Var;Hôtel/Restaurant;La martre
1050;Les Domaines de Saint Endreol;83-Var;Hôtel/Restaurant;La motte
1052;IBIS **;83-Var;Hôtel/Restaurant;La seyne sur mer
1053;NOVOTEL ***;83-Var;Hôtel/Restaurant;La seyne sur mer
1055;Le Mas de Causserène **;83-Var;Hôtel/Restaurant;Le cannet des maures
1054;Hôtel du Castellet *****;83-Var;Hôtel/Restaurant;Le castellet
1059;Le Club de Cavalière ****;83-Var;Hôtel/Restaurant;Le lavandou
1096;Les Roches ****;83-Var;Hôtel/Restaurant;Le lavandou
1097;Les Sables d'Or;83-Var;Hôtel/Restaurant;Le lavandou
1098;L'Orée du Bois **;83-Var;Hôtel/Restaurant;Le muy
1099;L'Estirado des Adrets **;83-Var;Hôtel/Restaurant;Les adrets de l'esterel
1100;Le Logis du Guetteur ***;83-Var;Hôtel/Restaurant;Les arcs
6696;Bruno;83-Var;Hôtel/Restaurant;Lorgues
1109;DOMAINE DE CHATEAUNEUF ****;83-Var;Hôtel/Restaurant;Nans les pins
1119;HOSTELLERIE LE BAOU ****;83-Var;Hôtel/Restaurant;Ramatuelle
1120;LA FERME D'AUGUSTIN ***;83-Var;Hôtel/Restaurant;Ramatuelle
1122;Le Bailli de Suffren ****;83-Var;Hôtel/Restaurant;Rayol canadel sur mer
1126;Grand Hôtel des Lecques ***;83-Var;Hôtel/Restaurant;Saint cyr sur mer
1128;Hôtel Villa Les Pins **;83-Var;Hôtel/Restaurant;Saint cyr sur mer
1136;Hôtel de France ***;83-Var;Hôtel/Restaurant;Saint maximin la sainte baume
1138;Best Western La Marina ***;83-Var;Hôtel/Restaurant;Saint raphael
1139;Golf de Valescure ***;83-Var;Hôtel/Restaurant;Saint raphael
1140;Brise de Mer ***;83-Var;Hôtel/Restaurant;Saint raphael
1147;San Pedro ***;83-Var;Hôtel/Restaurant;Saint raphael
1189;LA BASTIDE DE SAINT TROPEZ ****;83-Var;Hôtel/Restaurant;Saint tropez
1191;LA MISTRALEE ****;83-Var;Hôtel/Restaurant;Saint tropez
1164;Benkiraï Hotel ****;83-Var;Hôtel/Restaurant;Saint tropez
1165;CHATEAU DE LA MESSARDIERE ****;83-Var;Hôtel/Restaurant;Saint tropez
1193;Le Levant ***;83-Var;Hôtel/Restaurant;Saint tropez
1200;BELLE AURORE ****;83-Var;Hôtel/Restaurant;Sainte maxime
1209;Hôtellerie de la Poste;83-Var;Hôtel/Restaurant;Sainte maxime
1211;La Vierge Noire;83-Var;Hôtel/Restaurant;Sainte maxime
1212;La Villa ***;83-Var;Hôtel/Restaurant;Sainte maxime
1213;Le Mas des Oliviers ***;83-Var;Hôtel/Restaurant;Sainte maxime
1214;LES JARDINS DE SAINTE MAXIME;83-Var;Hôtel/Restaurant;Sainte maxime
1218;Le Relais de la Belle Epoque **;83-Var;Hôtel/Restaurant;Salernes
1220;GRIL CAMPANILE **;83-Var;Hôtel/Restaurant;Six fours les plages
1224;Comfort Inn La Farlède **;83-Var;Hôtel/Restaurant;Toulon
1228;IBIS TOULON;83-Var;Hôtel/Restaurant;Toulon
1232;LA TOUR BLANCHE ***;83-Var;Hôtel/Restaurant;Toulon
1233;La Bastide de Tourtour;83-Var;Hôtel/Restaurant;Tourtour
1234;Château de Trigance ***;83-Var;Hôtel/Restaurant;Trigance
1235;Le Vieil Amandier **;83-Var;Hôtel/Restaurant;Trigance
1236;Au Bien-Etre **;83-Var;Hôtel/Restaurant;Villecroze
1121;Brignoles Karting Loisirs;83-Var;Loisir/Sport;Brignoles
1168;Ranch des Cavières;83-Var;Loisir/Sport;Camps la source
1174;AGS Formule 1;83-Var;Loisir/Sport;Gonfaron
6435;GKL Karting;83-Var;Loisir/Sport;Grimaud
1142;Grimaud Karting Loisir;83-Var;Loisir/Sport;Grimaud
1170;Speedkart Karting;83-Var;Loisir/Sport;Hyeres les palmiers
1172;Azur et Action;83-Var;Loisir/Sport;La crau
1167;Prestige Karting;83-Var;Loisir/Sport;Le luc
1171;Zig Zag;83-Var;Loisir/Sport;Le luc
1173;Circuit du Luc;83-Var;Loisir/Sport;Le luc
1166;Potter David;83-Var;Loisir/Sport;Meounes les montrieux
1143;Karting Six Fours;83-Var;Loisir/Sport;Ollioules
1162;Le Cabanon Enchanté;83-Var;Loisir/Sport;Pourrieres
1161;La Passion du Quad;83-Var;Loisir/Sport;Signes
1163;Oreca;83-Var;Loisir/Sport;Signes
1169;R.D Racing;83-Var;Loisir/Sport;Signes
919;Parc Zoologique de Fréjus;83-Var;Parc animalier;Frejus
920;Aoubre L'Aventure-Nature;83-Var;parc d'attraction;Flassans sur issole
921;Funnyland Parc;83-Var;parc d'attraction;La seyne sur mer
918;Coudou Parc Vivez l'Aventure;83-Var;parc d'attraction;Six fours les plages
6439;Provence Aventure;83-Var;parc d'attraction;Vidauban
6429;LE DAUPHIN PORQUEROLLAIS;83-Var;Restaurant;Hyeres les palmiers
6430;LE GRAND LARGE;83-Var;Restaurant;Hyeres les palmiers
6431;LE HAUT DU PAVE;83-Var;Restaurant;Hyeres les palmiers
6681;LE GRAND LARGE;83-Var;Restaurant;Le pradet
6682;LE LOTUS;83-Var;Restaurant;Le pradet
6683;LE MEDAILLON;83-Var;Restaurant;Le pradet
6684;LE VOLCAN DE CHINE;83-Var;Restaurant;Le pradet
6685;PLEIN SUD;83-Var;Restaurant;Le pradet
6687;CHEZ CARLOS;83-Var;Restaurant;Les arcs
6688;LA PAILLOTTE;83-Var;Restaurant;Les arcs
6689;LE CABANON;83-Var;Restaurant;Les arcs
6690;LE GRILLADIN;83-Var;Restaurant;Les arcs
6691;LE LOGIS DU GUETTEUR;83-Var;Restaurant;Les arcs
6692;RESTAURANT DU PONT D'ARGENS;83-Var;Restaurant;Les arcs
6693;LE BACCHUS GOURMAND;83-Var;Restaurant;Les arcs
6694;ROQUE ROUSSE;83-Var;Restaurant;Les arcs
6695;SAVEURS D'ASIE;83-Var;Restaurant;Les arcs
787;La Bastide Rose;84-Vaucluse;Chambres d'Hôtes;Le thor
682;Alizéa **;84-Vaucluse;Hôtel;Avignon
690;Kyriad Palais des Papes;84-Vaucluse;Hôtel;Avignon
729;VERT-HOTEL;84-Vaucluse;Hôtel;Avignon
732;HOTEL SAINT GEORGE **;84-Vaucluse;Hôtel;Avignon
734;Régina;84-Vaucluse;Hôtel;Avignon
735;La Villa ***;84-Vaucluse;Hôtel;Avignon
736;Bonsai Hotel *;84-Vaucluse;Hôtel;Avignon
761;Hôtel Etap;84-Vaucluse;Hôtel;Bollene
763;Hôtel Formule 1;84-Vaucluse;Hôtel;Bollene
745;Hôtel du Fiacre;84-Vaucluse;Hôtel;Carpentras
746;Inter Hotel Du Parc;84-Vaucluse;Hôtel;Cavaillon
775;ETAP HOTEL Cavaillon;84-Vaucluse;Hôtel;Cavaillon
785;Château La Roque;84-Vaucluse;Hôtel;La roque sur pernes
733;Hôtel ACACIA;84-Vaucluse;Hôtel;Le pontet
790;Le Domaine des Tilleuls ***;84-Vaucluse;Hôtel;Malaucene
748;Residence Provence Country Club ***;84-Vaucluse;Hôtel;Orange
793;Hôtel Arène;84-Vaucluse;Hôtel;Orange
794;HOTEL Formule 1;84-Vaucluse;Hôtel;Orange
795;Hôtel le Glacier;84-Vaucluse;Hôtel;Orange
796;ETAP HOTEL;84-Vaucluse;Hôtel;Pertuis en provence
799;Formule 1 - Avignon Nord;84-Vaucluse;Hôtel;Sorgues
800;Novotel Avignon Nord;84-Vaucluse;Hôtel;Sorgues
802;La Grangette ***;84-Vaucluse;Hôtel;Velleron
683;AUBERGE DE CASSAGNE ****;84-Vaucluse;Hôtel/Restaurant;Avignon
684;Avignon Grand Hôtel ****;84-Vaucluse;Hôtel/Restaurant;Avignon
685;Best Western Hôtel du Lavarin;84-Vaucluse;Hôtel/Restaurant;Avignon
686;Best Western Hôtel La Magnaneraie ****;84-Vaucluse;Hôtel/Restaurant;Avignon
688;Hôtel Clarion Cloître Saint Louis ****;84-Vaucluse;Hôtel/Restaurant;Avignon
689;Hôtel Danieli **;84-Vaucluse;Hôtel/Restaurant;Avignon
739;Le Magnan;84-Vaucluse;Hôtel/Restaurant;Avignon
757;Campanile;84-Vaucluse;Hôtel/Restaurant;Bollene
767;La Bastide de Capelongue;84-Vaucluse;Hôtel/Restaurant;Bonnieux
777;Ibis Luberon;84-Vaucluse;Hôtel/Restaurant;Cavaillon
779;Relais Mercure - Les portes du Lubéron;84-Vaucluse;Hôtel/Restaurant;Cavaillon
780;Hostellerie Château Fines Roches;84-Vaucluse;Hôtel/Restaurant;Chateauneuf du pape
781;Hôtel des Sources;84-Vaucluse;Hôtel/Restaurant;Fontaine de vaucluse
782;HOTEL DU POETE;84-Vaucluse;Hôtel/Restaurant;Fontaine de vaucluse
742;Les Bories;84-Vaucluse;Hôtel/Restaurant;Gordes
743;Le Mas de la Senancole;84-Vaucluse;Hôtel/Restaurant;Gordes
783;La Bastide de Gordes Spa ****;84-Vaucluse;Hôtel/Restaurant;Gordes
749;Les Agassins;84-Vaucluse;Hôtel/Restaurant;Le pontet
750;FASTHOTEL;84-Vaucluse;Hôtel/Restaurant;Le pontet
786;Campanile;84-Vaucluse;Hôtel/Restaurant;Le pontet
744;Domaine de la Petite Isle;84-Vaucluse;Hôtel/Restaurant;L'isle sur la sorgue
784;Mas De Cure Bourse;84-Vaucluse;Hôtel/Restaurant;L'isle sur la sorgue
789;Le Moulin de Lourmarin;84-Vaucluse;Hôtel/Restaurant;Lourmarin
791;Château de Mazan;84-Vaucluse;Hôtel/Restaurant;Mazan
792;Le Roy Soleil;84-Vaucluse;Hôtel/Restaurant;Menerbes
730;Hostellerie Les Frênes ****;84-Vaucluse;Hôtel/Restaurant;Montfavet
740;Le Louvre;84-Vaucluse;Hôtel/Restaurant;Orange
741;Campanile Orange;84-Vaucluse;Hôtel/Restaurant;Orange
747;Arcantis Le Lavandin;84-Vaucluse;Hôtel/Restaurant;Saint christol
770;Les 3 Colombes;84-Vaucluse;Hôtel/Restaurant;Saint didier
798;Le Pré du Moulin;84-Vaucluse;Hôtel/Restaurant;Serignan du comtat
602;VILLA ELAIA;84-Vaucluse;Hôtel/Restaurant;Vaison la romaine
801;Hôtel du Golf;84-Vaucluse;Hôtel/Restaurant;Vedene
687;Les cèdres;84-Vaucluse;Hôtel/Restaurant;Villeneuve les avignon
704;Hertz BPA (SA) Franchisé indépendant à Valréas Dépôt chez garage Peugeot;84-Vaucluse;Location de voitures;Valreas
893;VENTOUX AVENTURE;84-Vaucluse;parc d'attraction;Mormoiron
894;FUN PARC AVENTURE;84-Vaucluse;parc d'attraction;Richerenches
788;Auberge la Fenière;84-Vaucluse;Restaurant;Lourmarin
797;COUNTRY CLUB;84-Vaucluse;Vacances;Saumane de vaucluse
470745;Tresse dorée;85-Vendée;Boulangeries - Patisseries;La roche sur yon
470749;L'ESCALE;87-Haute Vienne;Restaurant;Peyrat le chateau
